{
  "Categories": [
    {
      "name": "Business",
      "slug": "business", 
      "description": "Business and finance news",
      "icon": "📈",
      "color": "blue"
    },
    {
      "name": "Entertainment", 
      "slug": "entertainment",
      "description": "Entertainment and celebrity news",
      "icon": "🎬",
      "color": "purple"
    },
    {
      "name": "Health",
      "slug": "health", 
      "description": "Health and medical news",
      "icon": "❤️",
      "color": "green"
    },
    {
      "name": "Politics",
      "slug": "politics",
      "description": "Political news and updates", 
      "icon": "🏛️",
      "color": "red"
    },
    {
      "name": "Science",
      "slug": "science",
      "description": "Science and research news",
      "icon": "🔬", 
      "color": "cyan"
    },
    {
      "name": "Sports",
      "slug": "sports",
      "description": "Sports news and updates",
      "icon": "⚽",
      "color": "orange"
    }
  ],
  "ExternalApiCategories": [
    "general",
    "business", 
    "entertainment",
    "sports",
    "science", 
    "health"
  ],
  "CategoryMapping": {
    "general": "Business",
    "world": "Politics", 
    "nation": "Politics",
    "business": "Business",
    "technology": "Science",
    "entertainment": "Entertainment", 
    "sports": "Sports",
    "science": "Science",
    "health": "Health",
    "politics": "Politics"
  }
}
